,Name,Year
0,A Walk Among the Tombstones,2014
1,Night at the Museum: Secret of the Tomb,2014
2,Vampire Academy,2014
3,The Hundred-Foot Journey,2014
4,Wish I Was Here,2014
5,Beyond the Lights,2014
6,Magic in the Moonlight,2014
7,Walk of Shame,2014
8,The Monuments Men,2014
9,Noah,2014
10,Cold Comes the Night,2014
11,Paranormal Activity: The Marked Ones,2014
12,Tiger Orange,2014
13,Barefoot,2014
14,District 13,2014
15,Goodbye To All That,2014
16,The Outsider,2014
17,The Ladies of the House,2014
18,And So It Goes,2014
19,Open Grave,2014
20,Camp Takota,2014
21,America: Imagine the World Without Her,2014
22,Honeymoon,2014
23,Oculus,2014
24,The Nut Job,2014
25,Ping Pong Summer,2014
26,Atlas Shrugged,2014
27,Birdman,2014
28,Left Behind,2014
29,Android Cop,2014
30,Better Living Through Chemistry,2014
31,Big Eyes,2014
32,Rage,2014
33,Dumbbells,2014
34,"Alexander and the Terrible, Horrible, No Good, Very Bad Day",2014
35,Nightcrawler,2014
36,Young Ones,2014
37,Date and Switch,2014
38,Decoding Annie Parker,2014
39,Into the Storm,2014
40,Repentance,2014
41,Captain America: The Winter Soldier,2014
42,The One I Love,2014
43,Stage Fright,2014
44,Get on Up,2014
45,The Judge,2014
46,Teenage Mutant Ninja Turtles,2014
47,If I Stay,2014
48,Into the Woods,2014
49,Transformers: Age of Extinction,2014
50,Love Is Strange,2014
51,Blended,2014
52,Leprechaun: Origins,2014
53,A Dame to Kill For,2014
54,Ouija,2014
55,Witching Hour,2014
56,Mercenaries,2014
57,Veronica Mars,2014
58,Holy Ghost People,2014
59,Planes: Fire &amp; Rescue,2014
60,RoboCop,2014
61,The Color of Time,2014
62,The Song,2014
63,A Million Ways to Die in the West,2014
64,Road to Paloma,2014
65,The Boxtrolls,2014
66,The Homesman,2014
67,Atlas Shrugged: Part III,2014
68,This Is Where I Leave You,2014
69,Earth to Echo,2014
70,"As Above, So Below",2014
71,Exodus: Gods and Kings,2014
72,The Four Seasons,2014
73,Tusk,2014
74,The Other Woman,2014
75,Black Water Vampire,2014
76,Son of God,2014
77,Draft Day,2014
78,22 Jump Street,2014
79,Tammy,2014
80,Horrible Bosses 2,2014
81,The Equalizer,2014
82,Alien Abduction,2014
83,Transcendence,2014
84,Devil's Knot,2014
85,Endless Love,2014
86,Non-Stop,2014
87,They Came Together,2014
88,You're Not You,2014
89,God's Not Dead,2014
90,Obvious Child,2014
91,A Merry Friggin' Christmas,2014
92,That Awkward Moment,2014
93,Interstellar,2014
94,Elsa &amp; Fred,2014
95,Top Five,2014
96,Sex Tape,2014
97,New Testament,2014
98,Laggies,2014
99,Cake,2014
100,X-Men: Days of Future Past,2014
101,Ride Along,2014
102,Persecuted,2014
103,A Haunted House 2,2014
104,Cheap Thrills,2014
105,Jinn,2014
106,The Purge: Anarchy,2014
107,Barfuss,2014
108,Adult World,2014
109,Fury,2014
110,Godzilla,2014
111,Someone Marry Barry,2014
112,God's Pocket,2014
113,Mega Shark Versus Mecha Shark,2014
114,300: Rise of an Empire,2014
115,Jack Ryan: Shadow Recruit,2014
116,Cold in July,2014
117,The Hunger Games: Mockingjay – Part 1,2014
118,50 to 1,2014
119,Heaven Is for Real,2014
120,Listen Up Philip,2014
121,Whiplash,2014
122,Penguins of Madagascar,2014
123,13 Beloved,2014
124,Step Up: All In,2014
125,The Interview,2014
126,No Good Deed,2014
127,Inherent Vice,2014
128,Unbroken,2014
129,The Bag Man,2014
130,Saving Christmas,2014
131,Maleficent,2014
132,All You Need Is Kill,2014
133,Boyhood,2014
134,Mr. Peabody &amp; Sherman,2014
135,The Giver,2014
136,Divergent,2014
137,The Amazing Spider-Man 2,2014
138,Camp X-Ray,2014
139,Here Be Monsters!,2014
140,The Legend of Hercules,2014
141,Devil's Due,2014
142,Neighbors,2014
143,The Signal,2014
144,Wild,2014
145,Let's Be Cops,2014
146,Brick Mansions,2014
147,Addicted,2014
148,The Expendables 3,2014
149,Kid Cannabis,2014
150,13 Sins,2014
151,The Prince,2014
152,Labor Day,2014
153,Rio 2,2014
154,Murder 101,2014
155,Back in the Day,2014
156,Muppets Most Wanted,2014
157,Dawn of the Planet of the Apes,2014
158,How to Train Your Dragon 2,2014
159,Angels in Stardust,2014
160,My Man Is a Loser,2014
161,Dracula Untold,2014
162,Apocalypse Pompeii,2014
163,The Pretty One,2014
164,Wild: From Lost to Found on the Pacific Crest Trail,2014
165,Nurse 3D,2014
166,The Maze Runner,2014
167,Somewhere Slow,2014
168,The Peripheral,2014
169,Comet,2014
170,Happy Christmas,2014
171,Rebound,2014
172,3 Days to Kill,2014
173,Deliver Us from Evil,2014
174,Asian School Girls,2014
175,School Dance,2014
176,The Fault in Our Stars,2014
177,Sexual Perversity in Chicago,2014
178,Lullaby,2014
179,The Skeleton Twins,2014
180,Authors Anonymous,2014
181,Jamesy Boy,2014
182,Mockingjay,2014
183,Need for Speed,2014
184,Gone Girl,2014
185,Dear White People,2014
186,Pernicious,2014
187,Last Shift,2014
188,Big Hero 6,2014
189,In the Blood,2014
190,Jersey Boys,2014
191,Sin City: A Dame to Kill For,2014
192,Bad Johnson,2014
193,The Scribbler,2014
194,The Better Angels,2014
195,Transformers,2014
196,Sabotage,2014
197,Hellion,2014
198,About Last Night,2014
199,4 Minute Mile,2014
200,Annabelle,2014
201,Annie,2014
202,Hercules,2014
203,Walking with the Enemy,2014
204,Million Dollar Arm,2014
205,After the Dark,2014
206,Life After Beth,2014
207,The Two Faces of January,2014
208,Dolphin Tale 2,2014
209,Foxcatcher,2014
210,Beside Still Waters,2014
211,Edge of Tomorrow,2014
212,"Act Like a Lady, Think Like a Man",2014
213,I Origins,2014
214,Raze,2014
215,Think Like a Man Too,2014
216,The Good Lie,2014
217,Dumb and Dumber To,2014
218,"I, Frankenstein",2014
219,The Single Moms Club,2014
220,The Angriest Man in Brooklyn,2014
221,The Guest,2014
222,Guardians of the Galaxy,2014
223,The Conjuring,2014
224,Jessabelle,2014
225,Scorned,2014
226,The Czar of Black Hollywood,2014
227,The Book of Life,2014
228,Focus,2015
229,The Martian,2015
230,Fifty Shades of Grey,2015
231,Maps to the Stars,2015
232,Accidental Love,2015
233,The Lion King,2015
234,Ted 2,2015
235,Wild Card,2015
236,Tracers,2015
237,Insidious: Chapter 3,2015
238,3 Nights in the Desert,2015
239,Straight Outta Compton,2015
240,Da Sweet Blood of Jesus,2015
241,Veronika Decides to Die,2015
242,Song One,2015
243,Spider-Man 2,2015
244,Cymbeline,2015
245,Let's Kill Ward's Wife,2015
246,Home,2015
247,Titanic,2015
248,Blackbird,2015
249,Harry Potter and the Deathly Hallows – Part 2,2015
250,Despicable Me 2,2015
251,The Hobbit: An Unexpected Journey,2015
252,Black or White,2015
253,Strange Magic,2015
254,Room,2015
255,Daddy's Home,2015
256,The Age of Adaline,2015
257,Little Accidents,2015
258,Adult Beginners,2015
259,Shrek the Third,2015
260,Iron Man 3,2015
261,1915,2015
262,Jurassic World,2015
263,Do You Believe?,2015
264,The Good Dinosaur,2015
265,Everest,2015
266,The Secret Service,2015
267,Spare Parts,2015
268,Far from the Madding Crowd,2015
269,Agent 47,2015
270,Avengers: Age of Ultron,2015
271,She's Funny That Way,2015
272,Chappie,2015
273,The Vatican Tapes,2015
274,No Escape,2015
275,Finding Nemo,2015
276,Danny Collins,2015
277,When Marnie Was There,2015
278,Cake,2015
279,Jupiter Ascending,2015
280,Monkey Kingdom,2015
281,The Second Best Exotic Marigold Hotel,2015
282,Hot Tub Time Machine 2,2015
283,Get Hard,2015
284,Toy Story 3,2015
285,Lost River,2015
286,Star Wars: The Force Awakens,2015
287,Victor Frankenstein,2015
288,Frozen,2015
289,Avatar,2015
290,The Avengers,2015
291,Muck,2015
292,Unfriended,2015
293,Spy,2015
294,The Voices,2015
295,Run All Night,2015
296,The Divergent Series: Insurgent,2015
297,The Humbling,2015
298,Mortdecai,2015
299,The Amazing Spider-Man,2015
300,The Longest Ride,2015
301,Paul Blart: Mall Cop 2,2015
302,The Road Within,2015
303,Brotherly Love,2015
304,The Wedding Ringer,2015
305,Everly,2015
306,Little Boy,2015
307,Match,2015
308,Furious 7,2015
309,Point Break,2015
310,"McFarland, USA",2015
311,Walk the Line,2015
312,Project Almanac,2015
313,While We're Young,2015
314,Road Hard,2015
315,Enter the Dangerous Mind,2015
316,Home Sweet Hell,2015
317,Mad Max: Fury Road,2015
318,The Revenant,2015
319,Shrek 2,2015
320,Deathwatch,2015
321,Inside Out,2015
322,Minions,2015
323,Crimson Peak,2015
324,The Dark Knight,2015
325,Pixels,2015
326,True Story,2015
327,Black Mass,2015
328,The Peanuts Movie,2015
329,Beyond the Reach,2015
330,The Loft,2015
331,War Pigs,2015
332,The Lazarus Effect,2015
333,Just Before I Go,2015
334,Child 44,2015
335,Trainwreck,2015
336,The True Meaning of Smekday,2015
337,Alex of Venice,2015
338,In the Heart of the Sea,2015
339,The Woman in Black 2: Angel of Death,2015
340,Aloha,2015
341,Cinderella,2015
342,Taken 3,2015
343,Joy,2015
344,Vice,2015
345,Unfinished Business,2015
346,Seventh Son,2015
347,Pitch Perfect 2,2015
348,The Walking Deceased,2015
349,Ant-Man,2015
350,Maggie,2015
351,Blackhat,2015
352,It Follows,2015
353,Insurgent,2015
354,The Duff,2015
355,The Last 5 Years,2015
356,Bad Asses on the Bayou,2015
357,Concussion,2015
358,Out of the Dark,2015
359,The SpongeBob Movie: Sponge Out of Water,2015
360,Despicable Me,2015
361,We'll Never Have Paris,2015
362,Transformers: Revenge of the Fallen,2015
363,"Love, Rosie",2015
364,The Cobbler,2015
365,The Spook's Apprentice,2015
366,The Gunman,2015
367,Tomorrowland,2015
368,Woman in Gold,2015
369,Terminator Genisys,2015
370,Kingsman: The Secret Service,2015
371,Poltergeist,2015
372,Paddington,2015
373,The D Train,2015
374,The Boy Next Door,2015
375,Sherlock Holmes,2015
376,Serena,2015
377,13 Hours: The Secret Soldiers of Benghazi,2016
378,The Taliban Shuffle,2016
379,Money Monster,2016
380,Me Before You,2016
381,Fifty Shades of Grey,2016
382,The Birth of a Nation,2016
383,Cloverfield,2016
384,Don't Breathe,2016
385,The Matrix Reloaded,2016
386,Pride and Prejudice and Zombies,2016
387,I'm Not Ashamed,2016
388,The Benefactor,2016
389,Kubo and the Two Strings,2016
390,Alvin and the Chipmunks: The Squeakquel,2016
391,Allegiant,2016
392,Ben-Hur: A Tale of the Christ,2016
393,Jack Reacher: Never Go Back,2016
394,The Other Side of the Door,2016
395,I Saw the Light,2016
396,Ghostbusters,2016
397,Finding Dory,2016
398,Everybody Wants Some!!,2016
399,Risen,2016
400,Warcraft,2016
401,Batman v Superman: Dawn of Justice,2016
402,Florence Foster Jenkins,2016
403,Zoolander 2,2016
404,Sing,2016
405,Harry Potter and the Deathly Hallows – Part 2,2016
406,Seven Samurai,2016
407,Norm of the North,2016
408,The Divergent Series,2016
409,Despicable Me 2,2016
410,Dazed and Confused,2016
411,Captain America: The Winter Soldier,2016
412,Synchronicity,2016
413,The Secret Life of Pets,2016
414,Teenage Mutant Ninja Turtles,2016
415,"Hail, Caesar!",2016
416,The BFG,2016
417,Robinson Crusoe,2016
418,The Hangover Part II,2016
419,Hillsong: Let Hope Rise,2016
420,The Jungle Book,2016
421,The Girl on the Train,2016
422,Neighbors 2: Sorority Rising,2016
423,The Magnificent Seven,2016
424,Morgan,2016
425,God's Not Dead 2,2016
426,Shrek the Third,2016
427,Iron Man 3,2016
428,Miracles from Heaven,2016
429,Jurassic World,2016
430,A Hologram for the King,2016
431,Masterminds,2016
432,The Purge,2016
433,Triple 9,2016
434,Sausage Party,2016
435,The Nice Guys,2016
436,The Divergent Series: Allegiant,2016
437,Lady Susan,2016
438,Avengers: Age of Ultron,2016
439,Zootopia,2016
440,Race,2016
441,The Finest Hours,2016
442,The Witch,2016
443,Snow White and the Huntsman,2016
444,Deepwater Horizon,2016
445,American Pastoral,2016
446,The 5th Wave,2016
447,My Big Fat Greek Wedding 2,2016
448,God's Not Dead,2016
449,Angry Birds,2016
450,The Disappointments Room,2016
451,Now You See Me 2,2016
452,Ouija: Origin of Evil,2016
453,The Founder,2016
454,Free State of Jones,2016
455,Criminal,2016
456,Alice Through the Looking Glass,2016
457,Popstar: Never Stop Never Stopping,2016
458,Bridget Jones's Baby,2016
459,13 Hours,2016
460,Hardcore Henry,2016
461,Kevin Hart: What Now?,2016
462,Mike and Dave Need Wedding Dates,2016
463,The Huntsman: Winter's War,2016
464,War Dogs,2016
465,Toy Story 3,2016
466,Star Wars: The Force Awakens,2016
467,Star Trek Beyond,2016
468,Frozen,2016
469,The Invitation,2016
470,The Avengers,2016
471,Fifty Shades of Black,2016
472,Miss Peregrine's Home for Peculiar Children,2016
473,How to Be Single,2016
474,Pete's Dragon,2016
475,Jane Got a Gun,2016
476,Mother's Day,2016
477,Ratchet &amp; Clank,2016
478,The Light Between Oceans,2016
479,Dirty Grandpa,2016
480,Kung Fu Panda 3,2016
481,Mechanic: Resurrection,2016
482,Ip Man 3,2016
483,Storks,2016
484,South of 8,2016
485,Characterz,2016
486,Rings,2016
487,Sully,2016
488,The Purge: Election Year,2016
489,The Legend of Tarzan,2016
490,Love &amp; Friendship,2016
491,Furious 7,2016
492,X-Men: Apocalypse,2016
493,Friend Request,2016
494,Nerve,2016
495,Barbershop: The Next Cut,2016
496,Boo! A Madea Halloween,2016
497,Captain America: Civil War,2016
498,The Boy,2016
499,"Hello, My Name Is Doris",2016
500,A Monster Calls,2016
501,Moana,2016
502,The Conjuring 2,2016
503,Shrek 2,2016
504,Keanu,2016
505,Max Steel,2016
506,Minions,2016
507,Pride and Prejudice,2016
508,Elvis &amp; Nixon,2016
509,The Darkness,2016
510,The Accountant,2016
511,Bridget Jones,2016
512,The Shallows,2016
513,Barbershop 2: Back in Business,2016
514,The Hunger Games,2016
515,Jason Bourne,2016
516,Ice Age: Collision Course,2016
517,London Has Fallen,2016
518,The Perfect Match,2016
519,Independence Day: Resurgence,2016
520,Meet the Blacks,2016
521,Bad Moms,2016
522,The Infiltrator,2016
523,Midnight Special,2016
524,Hands of Stone,2016
525,Rogue One,2016
526,Deadpool,2016
527,Blair Witch,2016
528,The Passion of the Christ,2016
529,Suicide Squad,2016
530,The Young Messiah,2016
531,Pineapple Express,2016
532,Kung Fu Panda 2,2016
533,Snowden,2016
534,Anesthesia,2016
535,Miles Ahead,2016
536,Central Intelligence,2016
537,The Choice,2016
538,Inferno,2016
539,The Neon Demon,2016
540,Ben-Hur,2016
541,Transformers: Revenge of the Fallen,2016
542,The Forest,2016
543,Green Room,2016
544,Nine Lives,2016
545,Rolling Stone,2016
546,Ride Along 2,2016
547,Gods of Egypt,2016
548,Demolition,2016
549,Lamb,2016
550,10 Cloverfield Lane,2016
551,Teenage Mutant Ninja Turtles: Out of the Shadows,2016
552,The Bronze,2016
553,When the Bough Breaks,2016
554,The Boss,2016
555,Guardians of the Galaxy,2016
556,The Conjuring,2016
557,Middle School: The Worst Years of My Life,2016
558,Keeping Up with the Joneses,2016
559,Whiskey Tango Foxtrot,2016
560,Eddie the Eagle,2016
561,Lights Out,2016
562,XXx: Return of Xander Cage,2017
563,Gun Shy,2017
564,The Mummy,2017
565,Crooked House,2017
566,Kidnap,2017
567,Coco,2017
568,Mother!,2017
569,My Entire High School Sinking Into the Sea,2017
570,War Machine,2017
571,Snatched,2017
572,Between Us,2017
573,Beatriz at Dinner,2017
574,The Book of Henry,2017
575,Father Figures,2017
576,The Matrix Reloaded,2017
577,Flatliners,2017
578,Unforgettable,2017
579,Wish Upon,2017
580,"Three Billboards Outside Ebbing, Missouri",2017
581,The Shape of Water,2017
582,Annabelle: Creation,2017
583,The Blackcoat's Daughter,2017
584,Lowriders,2017
585,The Great Wall,2017
586,A Bad Moms Christmas,2017
587,Ferdinand,2017
588,Phantom Thread,2017
589,The Discovery,2017
590,Lovesong,2017
591,Stronger,2017
592,Wonderstruck,2017
593,The Case for Christ,2017
594,Youth in Oregon,2017
595,Blood Money,2017
596,Beauty and the Beast,2017
597,Wonder Wheel,2017
598,Cook Off!,2017
599,The Wall,2017
600,Batman v Superman: Dawn of Justice,2017
601,The Resurrection of Gavin Stone,2017
602,Ingrid Goes West,2017
603,How to Be a Latin Lover,2017
604,The Last Word,2017
605,Bright,2017
606,Thank You for Your Service,2017
607,I Am Not Your Negro,2017
608,Aftermath,2017
609,Woodshock,2017
610,Beyond Skyline,2017
611,Sleepless,2017
612,Battle of the Sexes,2017
613,Professor Marston and the Wonder Women,2017
614,Armed Response,2017
615,Just Getting Started,2017
616,Pirates of the Caribbean: Dead Men Tell No Tales,2017
617,The Good Catholic,2017
618,The Killing of a Sacred Deer,2017
619,The Bye Bye Man,2017
620,3 Generations,2017
621,Fist Fight,2017
622,"Everything, Everything",2017
623,Going in Style,2017
624,American Fable,2017
625,Logan,2017
626,Spark,2017
627,Mark Felt: The Man Who Brought Down the White House,2017
628,Wind River,2017
629,The Boss Baby,2017
630,A Ghost Story,2017
631,Jurassic World,2017
632,The Book of Love,2017
633,Step,2017
634,The Belko Experiment,2017
635,First Kill,2017
636,Resident Evil: The Final Chapter,2017
637,Brigsby Bear,2017
638,Inconceivable,2017
639,Suburbicon,2017
640,Song to Song,2017
641,Atomica,2017
642,Despicable Me 3,2017
643,Captain Underpants: The First Epic Movie,2017
644,Jigsaw,2017
645,The Outcasts,2017
646,It,2017
647,47 Meters Down,2017
648,Only the Brave,2017
649,John Wick: Chapter 2,2017
650,Mayhem,2017
651,LBJ,2017
652,The Glass Castle,2017
653,"Roman J. Israel, Esq.",2017
654,Diary of a Wimpy Kid: The Long Haul,2017
655,All Nighter,2017
656,Split,2017
657,Arsenal,2017
658,Carrie Pilby,2017
659,Cars 3,2017
660,Marshall,2017
661,Born in China,2017
662,Amityville: The Awakening,2017
663,All I See Is You,2017
664,Guardians of the Galaxy Vol. 2,2017
665,Lady Bird,2017
666,"Wikipedia:WikiProject Lists"">incomplete</a>; you can help by <span class=""plainlinks""><a class=""external text"" href=""//en.wikipedia.org/w/index.php?title=List_of_American_films_of_2017&amp;action=edit",2017
667,The Post,2017
668,Valerian and the City of a Thousand Planets,2017
669,Star Wars: The Force Awakens,2017
670,Call Me by Your Name,2017
671,Daddy's Home 2,2017
672,The Dark Tower,2017
673,The Circle,2017
674,Alien: Covenant,2017
675,Star Wars: The Last Jedi,2017
676,Spider-Man: Homecoming,2017
677,The Emoji Movie,2017
678,All Eyez on Me,2017
679,Catfight,2017
680,A Cure for Wellness,2017
681,Get Out,2017
682,Dunkirk,2017
683,Wonder Woman,2017
684,Girls Trip,2017
685,Kingsman: The Golden Circle,2017
686,Happy Death Day,2017
687,The Lego Ninjago Movie,2017
688,Megan Leavey,2017
689,Rings,2017
690,Downsizing,2017
691,Home Again,2017
692,Baby Driver,2017
693,Novitiate,2017
694,Ghost in the Shell,2017
695,The Only Living Boy in New York,2017
696,Rock Dog,2017
697,Jumanji: Welcome to the Jungle,2017
698,Colossal,2017
699,Molly's Game,2017
700,Last Flag Flying,2017
701,IBoy,2017
702,Life,2017
703,The Shack,2017
704,All Saints,2017
705,Detroit,2017
706,Breathe,2017
707,Burning Sands,2017
708,Pitch Perfect 3,2017
709,Power Rangers,2017
710,It Comes at Night,2017
711,Patti Cake$,2017
712,Trespass Against Us,2017
713,The Lost City of Z,2017
714,Sophie and the Rising Sun,2017
715,Transformers: The Last Knight,2017
716,The Man Who Invented Christmas,2017
717,Atomic Blonde,2017
718,A Dog's Purpose,2017
719,Collide,2017
720,Okja,2017
721,Underworld: Blood Wars,2017
722,I Am Michael,2017
723,Wakefield,2017
724,The Star,2017
725,Menashe,2017
726,Dean,2017
727,The Beguiled,2017
728,Paris Can Wait,2017
729,The Devil's Candy,2017
730,Mr. Roosevelt,2017
731,XX,2017
732,Before I Fall,2017
733,The Promise,2017
734,"I, Tonya",2017
735,My Cousin Rachel,2017
736,My Little Pony: The Movie,2017
737,Gifted,2017
738,The Zookeeper's Wife,2017
739,War for the Planet of the Apes,2017
740,Kong: Skull Island,2017
741,American Assassin,2017
742,The Big Sick,2017
743,Wonder,2017
744,Deadpool,2017
745,The Nut Job 2: Nutty by Nature,2017
746,The Space Between Us,2017
747,Goodbye Christopher Robin,2017
748,Table 19,2017
749,The House,2017
750,Justice League,2017
751,Darkest Hour,2017
752,Geostorm,2017
753,Brawl in Cell Block 99,2017
754,The Little Hours,2017
755,The Girl with All the Gifts,2017
756,Smurfs: The Lost Village,2017
757,Unlocked,2017
758,Growing Up Smith,2017
759,Jeepers Creepers 3,2017
760,Good Time,2017
761,Donald Cried,2017
762,The Mountain Between Us,2017
763,Murder on the Orient Express,2017
764,The Disaster Artist,2017
765,All the Money in the World,2017
766,The Fate of the Furious,2017
767,Buena Vista Social Club: Adios,2017
768,Rough Night,2017
769,Tulip Fever,2017
770,Sleight,2017
771,Fifty Shades Darker,2017
772,American Made,2017
773,Shrek,2017
774,Thor: Ragnarok,2017
775,2:22,2017
776,The Hitman's Bodyguard,2017
777,Brad's Status,2017
778,Car Dogs,2017
779,Despicable Me,2017
780,An Inconvenient Sequel: Truth to Power,2017
781,The Florida Project,2017
782,Gravity,2017
783,The Sixth Sense,2017
784,Hotel Transylvania 2,2017
785,I Don't Feel at Home in This World Anymore,2017
786,Baywatch,2017
787,King Arthur: Legend of the Sword,2017
788,The Bad Batch,2017
789,Monster Trucks,2017
790,CHiPs,2017
791,Logan Lucky,2017
792,Wilson,2017
793,Same Kind of Different as Me,2017
794,The Greatest Showman,2017
795,Lost in Florence,2017
796,Beach Rats,2017
797,Victoria &amp; Abdul,2017
798,100 Streets,2017
799,Boo 2! A Madea Halloween,2017
800,Leatherface,2017
801,Hostiles,2017
802,Blade Runner 2049,2017
803,The Lego Batman Movie,2017
804,9/11,2017
805,The Lovers,2017
806,Final Portrait,2018
807,Whitney,2018
808,Samson,2018
809,Flower,2018
810,Acrimony,2018
811,Suspiria,2018
812,The Insult,2018
813,Show Dogs,2018
814,Spider-Man: Into the Spider-Verse,2018
815,Destroyer,2018
816,The Seagull,2018
817,Nobody's Fool,2018
818,Sicario: Day of the Soldado,2018
819,Colette,2018
820,Roma,2018
821,Fantastic Beasts: The Crimes of Grindelwald,2018
822,Mary Poppins Returns,2018
823,Second Act,2018
824,Furlough,2018
825,The Wife,2018
826,Ice Age: Dawn of the Dinosaurs,2018
827,Winchester,2018
828,Venom,2018
829,Beirut,2018
830,BlacKkKlansman,2018
831,Finding Dory,2018
832,Super Troopers 2,2018
833,Gemini,2018
834,The House of Tomorrow,2018
835,If Beale Street Could Talk,2018
836,"Paul, Apostle of Christ",2018
837,Beauty and the Beast,2018
838,Titanic,2018
839,Maze Runner: The Death Cure,2018
840,Action Point,2018
841,In Darkness,2018
842,A Prayer Before Dawn,2018
843,The Last Movie Star,2018
844,Disobedience,2018
845,Night School,2018
846,Wildlife,2018
847,Death Wish,2018
848,Breaking In,2018
849,The Hurricane Heist,2018
850,Future World,2018
851,First Reformed,2018
852,Pope Francis: A Man of His Word,2018
853,Tag,2018
854,Blindspotting,2018
855,A.X.L.,2018
856,Hell Fest,2018
857,Hotel Transylvania 3: Summer Vacation,2018
858,Anna and the Apocalypse,2018
859,Life of the Party,2018
860,Forever My Girl,2018
861,Assassination Nation,2018
862,The Vanishing of Sidney Hall,2018
863,Hot Summer Nights,2018
864,Proud Mary,2018
865,Incredibles 2,2018
866,You Were Never Really Here,2018
867,The Domestics,2018
868,Tomb Raider,2018
869,Unfriended: Dark Web,2018
870,Sorry to Bother You,2018
871,Bodied,2018
872,Instant Family,2018
873,Searching,2018
874,Pokémon the Movie: The Power of Us,2018
875,Black Panther,2018
876,Iron Man 3,2018
877,The Strange Ones,2018
878,Bad Samaritan,2018
879,Jurassic World,2018
880,Skyscraper,2018
881,Christopher Robin,2018
882,The Front Runner,2018
883,Widows,2018
884,Golden Exits,2018
885,The Equalizer 2,2018
886,A Star Is Born,2018
887,Holmes &amp; Watson,2018
888,Every Day,2018
889,Sgt. Stubby: An American Hero,2018
890,Dog Days,2018
891,Please Stand By,2018
892,Blockers,2018
893,Ant-Man and the Wasp,2018
894,Traffik,2018
895,Life Itself,2018
896,The Sisters Brothers,2018
897,What They Had,2018
898,Welcome to Marwen,2018
899,Ralph Breaks the Internet,2018
900,Unsane,2018
901,The Rider,2018
902,A Fantastic Woman,2018
903,A Quiet Place,2018
904,Avengers: Age of Ultron,2018
905,Insidious: The Last Key,2018
906,The Cured,2018
907,Freak Show,2018
908,Fifty Shades Freed,2018
909,Unbroken: Path to Redemption,2018
910,Den of Thieves,2018
911,Cold War,2018
912,Game Night,2018
913,Pacific Rim Uprising,2018
914,The Lodgers,2018
915,Hereditary,2018
916,Mamma Mia! Here We Go Again,2018
917,Backstabbing for Beginners,2018
918,The Nutcracker and the Four Realms,2018
919,Pickings,2018
920,A Simple Favor,2018
921,A Wrinkle in Time,2018
922,Boundaries,2018
923,The Children Act,2018
924,Rampage,2018
925,Goosebumps 2: Haunted Halloween,2018
926,The Grinch,2018
927,American Sniper,2018
928,The Nun,2018
929,The Old Man &amp; the Gun,2018
930,Damsel,2018
931,"Love, Simon",2018
932,Upgrade,2018
933,Bad Times at the El Royale,2018
934,Indivisible,2018
935,Billionaire Boys Club,2018
936,Toy Story 3,2018
937,Never Goin' Back,2018
938,Star Wars: The Force Awakens,2018
939,The House with a Clock in Its Walls,2018
940,Star Wars: The Last Jedi,2018
941,Avatar,2018
942,Kings,2018
943,Annihilation,2018
944,Mowgli: Legend of the Jungle,2018
945,Solo: A Star Wars Story,2018
946,The Avengers,2018
947,The Cleanse,2018
948,Bohemian Rhapsody,2018
949,Acts of Violence,2018
950,How to Talk to Girls at Parties,2018
951,The Possession of Hannah Grace,2018
952,Uncle Drew,2018
953,Wonder Woman,2018
954,Overboard,2018
955,Woman Walks Ahead,2018
956,"Don't Worry, He Won't Get Far on Foot",2018
957,Boy Erased,2018
958,Red Sparrow,2018
959,Tully,2018
960,Mary Queen of Scots,2018
961,Slender Man,2018
962,Book Club,2018
963,Smallfoot,2018
964,"Wikipedia:WikiProject Lists"">incomplete</a>; you can help by <span class=""plainlinks""><a class=""external text"" href=""//en.wikipedia.org/w/index.php?title=List_of_American_films_of_2018&amp;action=edit",2018
965,Ben Is Back,2018
966,White Boy Rick,2018
967,Mid90s,2018
968,On the Basis of Sex,2018
969,Teen Titans Go! To the Movies,2018
970,Social Animals,2018
971,The Hate U Give,2018
972,Won't You Be My Neighbor?,2018
973,Kin,2018
974,Ready Player One,2018
975,Captain America: Civil War,2018
976,The Commuter,2018
977,Mortal Engines,2018
978,Truth or Dare,2018
979,Entebbe,2018
980,Can You Ever Forgive Me?,2018
981,The Miseducation of Cameron Post,2018
982,Nostalgia,2018
983,On Chesil Beach,2018
984,Minions,2018
985,I Can Only Imagine,2018
986,Gotti,2018
987,Midnight Sun,2018
988,The Dark Knight,2018
989,The Happytime Murders,2018
990,The Oath,2018
991,A Private War,2018
992,The First Purge,2018
993,The Spy Who Dumped Me,2018
994,The Silence,2018
995,Isle of Dogs,2018
996,Destination Wedding,2018
997,"Love, Gilda",2018
998,Aquaman,2018
999,The Meg,2018
1000,God's Not Dead: A Light in Darkness,2018
1001,Green Book,2018
1002,Halloween,2018
1003,Gringo,2018
1004,Peter Rabbit,2018
1005,Peppermint,2018
1006,The Darkest Minds,2018
1007,Deadpool,2018
1008,Sherlock Gnomes,2018
1009,Superfly,2018
1010,Permission,2018
1011,Crazy Rich Asians,2018
1012,The Girl in the Spider's Web,2018
1013,Chappaquiddick,2018
1014,Adrift,2018
1015,"Juliet, Naked",2018
1016,12 Strong,2018
1017,Hunter Killer,2018
1018,Vice,2018
1019,Shock and Awe,2018
1020,The Mule,2018
1021,Monster Family,2018
1022,The Fate of the Furious,2018
1023,Ocean's 8,2018
1024,Overlord,2018
1025,Creed II,2018
1026,First Man,2018
1027,Leave No Trace,2018
1028,Mission: Impossible – Fallout,2018
1029,American Animals,2018
1030,Papillon,2018
1031,Thoroughbreds,2018
1032,Fahrenheit 11/9,2018
1033,The Favourite,2018
1034,Hotel Artemis,2018
1035,Jurassic World: Fallen Kingdom,2018
1036,I Feel Pretty,2018
1037,The Cloverfield Paradox,2018
1038,Terminal,2018
1039,Down a Dark Hall,2018
1040,Beautiful Boy,2018
1041,Armed,2018
1042,Avengers: Infinity War,2018
1043,Eighth Grade,2018
1044,Lizzie,2018
1045,Johnny English Strikes Again,2018
1046,Robin Hood,2018
1047,Josie,2018
1048,The Predator,2018
1049,The 15:17 to Paris,2018
1050,Operation Finale,2018
1051,Humor Me,2018
1052,The Miracle Season,2018
1053,Bumblebee,2018
1054,Deadpool 2,2018
1055,Puzzle,2018
1056,Mile 22,2018
1057,The Strangers: Prey at Night,2018
1058,Alpha,2018
1059,Black Mirror: Bandersnatch,2018
